ano_agricola,safra,uf,produto,id_produto,id_levantamento,dsc_levantamento,area_plantada_mil_ha,producao_mil_t,produtividade_mil_ha_mil_t
2017,UNICA          ,AM,CAFE                                    ,7498,1,1º LEV              ,429.0,7.0,16.3
2017,UNICA          ,AM,CAFE                                    ,7498,2,2º LEV              ,543.0,8.0,14.7
2017,UNICA          ,AM,CAFE                                    ,7498,3,3º LEV              ,504.0,8.0,15.9
2017,UNICA          ,AM,CAFE                                    ,7090,99,LEVANT              ,504.0,8.0,15.9
2017,UNICA          ,BA,CAFE                                    ,7090,99,LEVANT              ,46770.0,2380.0,50.9
2017,UNICA          ,BA,CAFE                                    ,7498,99,LEVANT              ,94871.0,978.0,10.3
2017,UNICA          ,ES,CAFE                                    ,7090,99,LEVANT              ,235415.0,5915.0,25.1
2017,UNICA          ,ES,CAFE                                    ,7498,99,LEVANT              ,150123.0,2950.0,19.7
2017,UNICA          ,GO,CAFE                                    ,7498,99,LEVANT              ,5516.0,190.0,34.4
2017,UNICA          ,MG,CAFE                                    ,7090,99,LEVANT              ,13011.0,344.0,26.4
2017,UNICA          ,MG,CAFE                                    ,7498,99,LEVANT              ,967751.0,24102.0,24.9
2017,UNICA          ,MT,CAFE                                    ,7090,99,LEVANT              ,9518.0,90.0,9.5
2017,UNICA          ,MT,CAFE                                    ,7498,99,LEVANT              ,45.0,1.0,22.2
2017,UNICA          ,NI,CAFE                                    ,7090,99,LEVANT              ,,40.0,
2017,UNICA          ,NI,CAFE                                    ,7498,99,LEVANT              ,6293.0,57.0,9.1
2017,UNICA          ,PA,CAFE                                    ,7090,99,LEVANT              ,460.0,6.0,13.0
2017,UNICA          ,PR,CAFE                                    ,7498,99,LEVANT              ,46070.0,1210.0,26.3
2017,UNICA          ,RJ,CAFE                                    ,7498,99,LEVANT              ,13053.0,349.0,26.7
2017,UNICA          ,RO,CAFE                                    ,7090,99,LEVANT              ,74255.0,1938.0,26.1
2017,UNICA          ,SP,CAFE                                    ,7498,99,LEVANT              ,200629.0,4412.0,22.0
2018,UNICA          ,AM,CAFE                                    ,7498,1,1º LEV              ,504.0,7.0,13.9
2018,UNICA          ,AM,CAFE                                    ,7498,2,2º LEV              ,504.0,7.0,13.9
2018,UNICA          ,AM,CAFE                                    ,7498,3,3º LEV              ,504.0,7.0,13.9
2018,UNICA          ,AM,CAFE                                    ,7498,4,4º LEV              ,504.0,7.0,13.9
2018,UNICA          ,BA,CAFE                                    ,7090,1,1º LEV              ,47166.0,2347.0,49.8
2018,UNICA          ,BA,CAFE                                    ,7498,1,1º LEV              ,94312.0,1779.0,18.9
2018,UNICA          ,BA,CAFE                                    ,7498,2,2º LEV              ,83224.0,1789.0,21.5
2018,UNICA          ,BA,CAFE                                    ,7090,2,2º LEV              ,47200.0,2720.0,57.6
2018,UNICA          ,BA,CAFE                                    ,7498,3,3º LEV              ,83224.0,1924.0,23.1
2018,UNICA          ,BA,CAFE                                    ,7090,3,3º LEV              ,47200.0,2690.0,57.0
2018,UNICA          ,BA,CAFE                                    ,7498,4,4º LEV              ,82300.0,1880.0,22.8
2018,UNICA          ,BA,CAFE                                    ,7090,4,4º LEV              ,47700.0,2670.0,56.0
2018,UNICA          ,ES,CAFE                                    ,7090,1,1º LEV              ,231323.0,8155.0,35.3
2018,UNICA          ,ES,CAFE                                    ,7498,1,1º LEV              ,156603.0,4300.0,27.5
2018,UNICA          ,ES,CAFE                                    ,7090,2,2º LEV              ,231323.0,8307.0,35.9
2018,UNICA          ,ES,CAFE                                    ,7498,2,2º LEV              ,156603.0,4507.0,28.8
2018,UNICA          ,ES,CAFE                                    ,7498,3,3º LEV              ,156603.0,4675.0,29.9
2018,UNICA          ,ES,CAFE                                    ,7090,3,3º LEV              ,231323.0,8813.0,38.1
2018,UNICA          ,ES,CAFE                                    ,7498,4,4º LEV              ,156603.0,4751.0,30.3
2018,UNICA          ,ES,CAFE                                    ,7090,4,4º LEV              ,231323.0,8988.0,38.9
2018,UNICA          ,GO,CAFE                                    ,7498,1,1º LEV              ,6547.0,150.0,22.9
2018,UNICA          ,GO,CAFE                                    ,7498,2,2º LEV              ,6575.0,151.0,23.0
2018,UNICA          ,GO,CAFE                                    ,7498,3,3º LEV              ,6602.0,158.0,23.9
2018,UNICA          ,GO,CAFE                                    ,7498,4,4º LEV              ,5905.0,195.0,33.0
2018,UNICA          ,MG,CAFE                                    ,7090,1,1º LEV              ,13206.0,334.0,25.3
2018,UNICA          ,MG,CAFE                                    ,7498,1,1º LEV              ,1020430.0,29529.0,28.9
2018,UNICA          ,MG,CAFE                                    ,7090,2,2º LEV              ,13011.0,336.0,25.8
2018,UNICA          ,MG,CAFE                                    ,7498,2,2º LEV              ,998938.0,30362.0,30.4
2018,UNICA          ,MG,CAFE                                    ,7498,3,3º LEV              ,989185.0,31553.0,31.9
2018,UNICA          ,MG,CAFE                                    ,7090,3,3º LEV              ,13011.0,336.0,25.8
2018,UNICA          ,MG,CAFE                                    ,7090,4,4º LEV              ,13011.0,390.0,30.0
2018,UNICA          ,MG,CAFE                                    ,7498,4,4º LEV              ,995584.0,32970.0,33.1
2018,UNICA          ,MT,CAFE                                    ,7498,1,1º LEV              ,50.0,1.0,20.0
2018,UNICA          ,MT,CAFE                                    ,7090,1,1º LEV              ,10000.0,100.0,10.0
2018,UNICA          ,MT,CAFE                                    ,7498,2,2º LEV              ,45.0,1.0,22.2
2018,UNICA          ,MT,CAFE                                    ,7090,2,2º LEV              ,9920.0,106.0,10.7
2018,UNICA          ,MT,CAFE                                    ,7090,3,3º LEV              ,9915.0,106.0,10.7
2018,UNICA          ,MT,CAFE                                    ,7498,3,3º LEV              ,45.0,1.0,22.2
2018,UNICA          ,MT,CAFE                                    ,7090,4,4º LEV              ,9265.0,103.0,11.1
2018,UNICA          ,MT,CAFE                                    ,7498,4,4º LEV              ,45.0,1.0,22.2
2018,UNICA          ,NI,CAFE                                    ,7090,1,1º LEV              ,1697.0,41.0,24.2
2018,UNICA          ,NI,CAFE                                    ,7498,1,1º LEV              ,6833.0,63.0,9.2
2018,UNICA          ,NI,CAFE                                    ,7498,2,2º LEV              ,5604.0,52.0,9.3
2018,UNICA          ,NI,CAFE                                    ,7090,2,2º LEV              ,1697.0,41.0,24.2
2018,UNICA          ,NI,CAFE                                    ,7498,3,3º LEV              ,5411.0,47.0,8.7
2018,UNICA          ,NI,CAFE                                    ,7090,3,3º LEV              ,1253.0,32.0,25.5
2018,UNICA          ,NI,CAFE                                    ,7090,4,4º LEV              ,1261.0,32.0,25.4
2018,UNICA          ,NI,CAFE                                    ,7498,4,4º LEV              ,4511.0,38.0,8.4
2018,UNICA          ,PA,CAFE                                    ,7090,1,1º LEV              ,474.0,7.0,14.8
2018,UNICA          ,PA,CAFE                                    ,7090,2,2º LEV              ,471.0,7.0,14.9
2018,UNICA          ,PA,CAFE                                    ,7090,3,3º LEV              ,406.0,6.0,14.8
2018,UNICA          ,PA,CAFE                                    ,7090,4,4º LEV              ,406.0,5.0,12.3
2018,UNICA          ,PR,CAFE                                    ,7498,1,1º LEV              ,37900.0,960.0,25.3
2018,UNICA          ,PR,CAFE                                    ,7498,2,2º LEV              ,37400.0,1050.0,28.1
2018,UNICA          ,PR,CAFE                                    ,7498,3,3º LEV              ,37500.0,1000.0,26.7
2018,UNICA          ,PR,CAFE                                    ,7498,4,4º LEV              ,37500.0,1000.0,26.7
2018,UNICA          ,RJ,CAFE                                    ,7498,1,1º LEV              ,13445.0,364.0,27.1
2018,UNICA          ,RJ,CAFE                                    ,7498,2,2º LEV              ,13368.0,346.0,25.9
2018,UNICA          ,RJ,CAFE                                    ,7498,3,3º LEV              ,13368.0,346.0,25.9
2018,UNICA          ,RJ,CAFE                                    ,7498,4,4º LEV              ,12030.0,346.0,28.8
2018,UNICA          ,RO,CAFE                                    ,7090,1,1º LEV              ,74255.0,2336.0,31.5
2018,UNICA          ,RO,CAFE                                    ,7090,2,2º LEV              ,71605.0,2187.0,30.5
2018,UNICA          ,RO,CAFE                                    ,7090,3,3º LEV              ,63879.0,1978.0,31.0
2018,UNICA          ,RO,CAFE                                    ,7090,4,4º LEV              ,63879.0,1978.0,31.0
2018,UNICA          ,SP,CAFE                                    ,7498,1,1º LEV              ,201400.0,6004.0,29.8
2018,UNICA          ,SP,CAFE                                    ,7498,2,2º LEV              ,203444.0,6075.0,29.9
2018,UNICA          ,SP,CAFE                                    ,7498,3,3º LEV              ,202581.0,6233.0,30.8
2018,UNICA          ,SP,CAFE                                    ,7498,4,4º LEV              ,202581.0,6302.0,31.1
2019,UNICA          ,BA,CAFE                                    ,7498,1,1º LEV              ,73800.0,1174.0,15.9
2019,UNICA          ,BA,CAFE                                    ,7090,1,1º LEV              ,48700.0,2386.0,49.0
2019,UNICA          ,BA,CAFE                                    ,7498,2,2º LEV              ,75500.0,1236.0,16.4
2019,UNICA          ,BA,CAFE                                    ,7090,2,2º LEV              ,46900.0,1800.0,38.4
2019,UNICA          ,BA,CAFE                                    ,7498,3,3º LEV              ,60335.0,1200.0,19.9
2019,UNICA          ,BA,CAFE                                    ,7090,3,3º LEV              ,37000.0,1600.0,43.2
2019,UNICA          ,BA,CAFE                                    ,7090,4,4º LEV              ,37000.0,1800.0,48.6
2019,UNICA          ,BA,CAFE                                    ,7498,4,4º LEV              ,60335.0,1200.0,19.9
2019,UNICA          ,ES,CAFE                                    ,7090,1,1º LEV              ,241805.0,10376.0,42.9
2019,UNICA          ,ES,CAFE                                    ,7498,1,1º LEV              ,152097.0,3230.0,21.2
2019,UNICA          ,ES,CAFE                                    ,7498,2,2º LEV              ,152097.0,3293.0,21.7
2019,UNICA          ,ES,CAFE                                    ,7090,2,2º LEV              ,241805.0,9491.0,39.3
2019,UNICA          ,ES,CAFE                                    ,7090,3,3º LEV              ,241805.0,10318.0,42.7
2019,UNICA          ,ES,CAFE                                    ,7498,3,3º LEV              ,152097.0,3153.0,20.7
2019,UNICA          ,ES,CAFE                                    ,7090,4,4º LEV              ,241805.0,10496.0,43.4
2019,UNICA          ,ES,CAFE                                    ,7498,4,4º LEV              ,152097.0,3002.0,19.7
2019,UNICA          ,GO,CAFE                                    ,7498,1,1º LEV              ,7101.0,271.0,38.2
2019,UNICA          ,GO,CAFE                                    ,7498,2,2º LEV              ,6565.0,236.0,35.9
2019,UNICA          ,GO,CAFE                                    ,7498,3,3º LEV              ,6575.0,236.0,35.9
2019,UNICA          ,GO,CAFE                                    ,7498,4,4º LEV              ,6932.0,249.0,35.9
2019,UNICA          ,MG,CAFE                                    ,7090,1,1º LEV              ,9698.0,328.0,33.8
2019,UNICA          ,MG,CAFE                                    ,7498,1,1º LEV              ,971732.0,26718.0,27.5
2019,UNICA          ,MG,CAFE                                    ,7498,2,2º LEV              ,977147.0,26120.0,26.7
2019,UNICA          ,MG,CAFE                                    ,7090,2,2º LEV              ,9646.0,325.0,33.7
2019,UNICA          ,MG,CAFE                                    ,7498,3,3º LEV              ,974502.0,24212.0,24.8
2019,UNICA          ,MG,CAFE                                    ,7090,3,3º LEV              ,9457.0,309.0,32.7
2019,UNICA          ,MG,CAFE                                    ,7498,4,4º LEV              ,974269.0,24235.0,24.9
2019,UNICA          ,MG,CAFE                                    ,7090,4,4º LEV              ,9457.0,318.0,33.6
2019,UNICA          ,MT,CAFE                                    ,7090,1,1º LEV              ,10132.0,114.0,11.3
2019,UNICA          ,MT,CAFE                                    ,7498,1,1º LEV              ,45.0,1.0,22.2
2019,UNICA          ,MT,CAFE                                    ,7090,2,2º LEV              ,8442.0,119.0,14.1
2019,UNICA          ,MT,CAFE                                    ,7090,3,3º LEV              ,8422.0,121.0,14.4
2019,UNICA          ,MT,CAFE                                    ,7090,4,4º LEV              ,8422.0,121.0,14.4
2019,UNICA          ,NI,CAFE                                    ,7498,1,1º LEV              ,6511.0,69.0,10.6
2019,UNICA          ,NI,CAFE                                    ,7090,1,1º LEV              ,3727.0,44.0,11.8
2019,UNICA          ,NI,CAFE                                    ,7498,2,2º LEV              ,6610.0,74.0,11.2
2019,UNICA          ,NI,CAFE                                    ,7090,2,2º LEV              ,3701.0,79.0,21.3
2019,UNICA          ,NI,CAFE                                    ,7498,3,3º LEV              ,6097.0,72.0,11.8
2019,UNICA          ,NI,CAFE                                    ,7090,3,3º LEV              ,3696.0,79.0,21.4
2019,UNICA          ,NI,CAFE                                    ,7090,4,4º LEV              ,3694.0,79.0,21.4
2019,UNICA          ,NI,CAFE                                    ,7498,4,4º LEV              ,6187.0,72.0,11.6
2019,UNICA          ,PR,CAFE                                    ,7498,1,1º LEV              ,37800.0,1050.0,27.8
2019,UNICA          ,PR,CAFE                                    ,7498,2,2º LEV              ,37400.0,1050.0,28.1
2019,UNICA          ,PR,CAFE                                    ,7498,3,3º LEV              ,37300.0,950.0,25.5
2019,UNICA          ,PR,CAFE                                    ,7498,4,4º LEV              ,36900.0,953.0,25.8
2019,UNICA          ,RJ,CAFE                                    ,7498,1,1º LEV              ,12241.0,309.0,25.2
2019,UNICA          ,RJ,CAFE                                    ,7498,2,2º LEV              ,11797.0,328.0,27.8
2019,UNICA          ,RJ,CAFE                                    ,7498,3,3º LEV              ,11381.0,276.0,24.3
2019,UNICA          ,RJ,CAFE                                    ,7498,4,4º LEV              ,11713.0,245.0,20.9
2019,UNICA          ,RO,CAFE                                    ,7090,1,1º LEV              ,63879.0,2097.0,32.8
2019,UNICA          ,RO,CAFE                                    ,7090,2,2º LEV              ,62729.0,2122.0,33.8
2019,UNICA          ,RO,CAFE                                    ,7090,3,3º LEV              ,62729.0,2097.0,33.4
2019,UNICA          ,RO,CAFE                                    ,7090,4,4º LEV              ,62729.0,2199.0,35.1
2019,UNICA          ,SP,CAFE                                    ,7498,1,1º LEV              ,202883.0,4317.0,21.3
2019,UNICA          ,SP,CAFE                                    ,7498,2,2º LEV              ,202560.0,4645.0,22.9
2019,UNICA          ,SP,CAFE                                    ,7498,3,3º LEV              ,201369.0,4368.0,21.7
2019,UNICA          ,SP,CAFE                                    ,7498,4,4º LEV              ,201369.0,4340.0,21.6
2020,UNICA          ,BA,CAFE                                    ,7090,1,1º LEV              ,39250.0,2225.0,56.7
2020,UNICA          ,BA,CAFE                                    ,7498,1,1º LEV              ,68635.0,1625.0,23.7
2020,UNICA          ,BA,CAFE                                    ,7090,3,3º LEV              ,39250.0,2120.0,54.0
2020,UNICA          ,BA,CAFE                                    ,7498,3,3º LEV              ,67635.0,2018.0,29.8
2020,UNICA          ,BA,CAFE                                    ,7498,4,4º LEV              ,66935.0,1867.0,27.9
2020,UNICA          ,BA,CAFE                                    ,7090,4,4º LEV              ,39250.0,2120.0,54.0
2020,UNICA          ,ES,CAFE                                    ,7498,1,1º LEV              ,156294.0,4388.0,28.1
2020,UNICA          ,ES,CAFE                                    ,7090,1,1º LEV              ,243993.0,9838.0,40.3
2020,UNICA          ,ES,CAFE                                    ,7498,3,3º LEV              ,156294.0,4477.0,28.6
2020,UNICA          ,ES,CAFE                                    ,7090,3,3º LEV              ,243993.0,9132.0,37.4
2020,UNICA          ,ES,CAFE                                    ,7498,4,4º LEV              ,156294.0,4765.0,30.5
2020,UNICA          ,ES,CAFE                                    ,7090,4,4º LEV              ,243993.0,9193.0,37.7
2020,UNICA          ,GO,CAFE                                    ,7498,1,1º LEV              ,6342.0,271.0,42.7
2020,UNICA          ,GO,CAFE                                    ,7498,3,3º LEV              ,6152.0,240.0,39.0
2020,UNICA          ,GO,CAFE                                    ,7498,4,4º LEV              ,6135.0,248.0,40.4
2020,UNICA          ,MG,CAFE                                    ,7498,1,1º LEV              ,1023986.0,31075.0,30.3
2020,UNICA          ,MG,CAFE                                    ,7090,1,1º LEV              ,9457.0,321.0,33.9
2020,UNICA          ,MG,CAFE                                    ,7090,3,3º LEV              ,9457.0,318.0,33.6
2020,UNICA          ,MG,CAFE                                    ,7498,3,3º LEV              ,1031908.0,33142.0,32.1
2020,UNICA          ,MG,CAFE                                    ,7090,4,4º LEV              ,9112.0,310.0,34.0
2020,UNICA          ,MG,CAFE                                    ,7498,4,4º LEV              ,1032280.0,34337.0,33.3
2020,UNICA          ,MT,CAFE                                    ,7090,1,1º LEV              ,9902.0,164.0,16.6
2020,UNICA          ,MT,CAFE                                    ,7090,3,3º LEV              ,9602.0,158.0,16.5
2020,UNICA          ,MT,CAFE                                    ,7090,4,4º LEV              ,9602.0,158.0,16.5
2020,UNICA          ,NI,CAFE                                    ,7090,1,1º LEV              ,3669.0,78.0,21.3
2020,UNICA          ,NI,CAFE                                    ,7498,1,1º LEV              ,4879.0,72.0,14.8
2020,UNICA          ,NI,CAFE                                    ,7498,3,3º LEV              ,4313.0,56.0,13.0
2020,UNICA          ,NI,CAFE                                    ,7090,3,3º LEV              ,3732.0,90.0,24.1
2020,UNICA          ,NI,CAFE                                    ,7090,4,4º LEV              ,3517.0,85.0,24.2
2020,UNICA          ,NI,CAFE                                    ,7498,4,4º LEV              ,4453.0,57.0,12.8
2020,UNICA          ,PR,CAFE                                    ,7498,1,1º LEV              ,36120.0,925.0,25.6
2020,UNICA          ,PR,CAFE                                    ,7498,3,3º LEV              ,35556.0,938.0,26.4
2020,UNICA          ,PR,CAFE                                    ,7498,4,4º LEV              ,35683.0,942.0,26.4
2020,UNICA          ,RJ,CAFE                                    ,7498,1,1º LEV              ,11687.0,333.0,28.5
2020,UNICA          ,RJ,CAFE                                    ,7498,3,3º LEV              ,11687.0,346.0,29.6
2020,UNICA          ,RJ,CAFE                                    ,7498,4,4º LEV              ,11969.0,371.0,31.0
2020,UNICA          ,RO,CAFE                                    ,7090,1,1º LEV              ,64878.0,2367.0,36.5
2020,UNICA          ,RO,CAFE                                    ,7090,3,3º LEV              ,63569.0,2434.0,38.3
2020,UNICA          ,RO,CAFE                                    ,7090,4,4º LEV              ,63569.0,2445.0,38.5
2020,UNICA          ,SP,CAFE                                    ,7498,1,1º LEV              ,206406.0,5902.0,28.6
2020,UNICA          ,SP,CAFE                                    ,7498,3,3º LEV              ,201523.0,6158.0,30.6
2020,UNICA          ,SP,CAFE                                    ,7498,4,4º LEV              ,201523.0,6181.0,30.7
2021,UNICA          ,AM,CAFE                                    ,7090,2,2º LEV              ,2145.0,45.0,21.0
2021,UNICA          ,AM,CAFE                                    ,7498,2,2º LEV              ,2000.0,31.0,15.5
2021,UNICA          ,AM,CAFE                                    ,7090,3,3º LEV              ,2145.0,45.0,21.0
2021,UNICA          ,AM,CAFE                                    ,7498,3,3º LEV              ,2000.0,31.0,15.5
2021,UNICA          ,AM,CAFE                                    ,7498,4,4º LEV              ,2000.0,30.6,15.3
2021,UNICA          ,AM,CAFE                                    ,7090,4,4º LEV              ,2145.0,44.6,20.8
2021,UNICA          ,BA,CAFE                                    ,7498,1,1º LEV              ,64660.0,1797.0,27.8
2021,UNICA          ,BA,CAFE                                    ,7090,1,1º LEV              ,39250.0,2284.0,58.2
2021,UNICA          ,BA,CAFE                                    ,7090,2,2º LEV              ,39250.0,2228.0,56.8
2021,UNICA          ,BA,CAFE                                    ,7498,2,2º LEV              ,62210.0,1727.0,27.8
2021,UNICA          ,BA,CAFE                                    ,7090,3,3º LEV              ,40000.0,2240.0,56.0
2021,UNICA          ,BA,CAFE                                    ,7498,3,3º LEV              ,58310.0,1228.0,21.1
2021,UNICA          ,BA,CAFE                                    ,7090,4,4º LEV              ,40000.0,2240.0,56.0
2021,UNICA          ,BA,CAFE                                    ,7498,4,4º LEV              ,58310.0,1229.0,21.1
2021,UNICA          ,ES,CAFE                                    ,7090,1,1º LEV              ,248858.0,10147.0,40.8
2021,UNICA          ,ES,CAFE                                    ,7498,1,1º LEV              ,151584.0,3292.0,21.7
2021,UNICA          ,ES,CAFE                                    ,7498,2,2º LEV              ,151584.0,3239.0,21.4
2021,UNICA          ,ES,CAFE                                    ,7090,2,2º LEV              ,248858.0,10388.0,41.7
2021,UNICA          ,ES,CAFE                                    ,7090,3,3º LEV              ,248858.0,11140.0,44.8
2021,UNICA          ,ES,CAFE                                    ,7498,3,3º LEV              ,151584.0,2986.0,19.7
2021,UNICA          ,ES,CAFE                                    ,7090,4,4º LEV              ,248858.0,11221.0,45.1
2021,UNICA          ,ES,CAFE                                    ,7498,4,4º LEV              ,151584.0,2945.0,19.4
2021,UNICA          ,GO,CAFE                                    ,7498,1,1º LEV              ,5721.0,226.0,39.5
2021,UNICA          ,GO,CAFE                                    ,7498,2,2º LEV              ,5799.0,212.0,36.6
2021,UNICA          ,GO,CAFE                                    ,7498,3,3º LEV              ,5803.0,212.0,36.5
2021,UNICA          ,GO,CAFE                                    ,7498,4,4º LEV              ,5833.0,234.6,40.2
2021,UNICA          ,MG,CAFE                                    ,7090,1,1º LEV              ,9112.0,310.0,34.0
2021,UNICA          ,MG,CAFE                                    ,7498,1,1º LEV              ,908905.0,20661.0,22.7
2021,UNICA          ,MG,CAFE                                    ,7090,2,2º LEV              ,9942.0,348.0,35.0
2021,UNICA          ,MG,CAFE                                    ,7498,2,2º LEV              ,982471.0,22996.0,23.4
2021,UNICA          ,MG,CAFE                                    ,7090,3,3º LEV              ,9635.0,321.0,33.3
2021,UNICA          ,MG,CAFE                                    ,7498,3,3º LEV              ,961283.0,21121.0,22.0
2021,UNICA          ,MG,CAFE                                    ,7498,4,4º LEV              ,970934.0,21858.9,22.5
2021,UNICA          ,MG,CAFE                                    ,7090,4,4º LEV              ,8515.0,283.4,33.3
2021,UNICA          ,MT,CAFE                                    ,7090,1,1º LEV              ,10779.0,197.0,18.3
2021,UNICA          ,MT,CAFE                                    ,7090,2,2º LEV              ,10824.0,199.0,18.4
2021,UNICA          ,MT,CAFE                                    ,7090,3,3º LEV              ,10776.0,194.0,18.0
2021,UNICA          ,MT,CAFE                                    ,7090,4,4º LEV              ,10776.0,194.2,18.0
2021,UNICA          ,NI,CAFE                                    ,7090,1,1º LEV              ,3517.0,82.0,23.3
2021,UNICA          ,NI,CAFE                                    ,7498,1,1º LEV              ,4454.0,57.0,12.8
2021,UNICA          ,NI,CAFE                                    ,7090,2,2º LEV              ,1401.0,40.0,28.6
2021,UNICA          ,NI,CAFE                                    ,7498,2,2º LEV              ,2710.0,32.0,11.8
2021,UNICA          ,NI,CAFE                                    ,7498,3,3º LEV              ,3184.0,33.0,10.4
2021,UNICA          ,NI,CAFE                                    ,7090,3,3º LEV              ,1401.0,41.0,29.3
2021,UNICA          ,NI,CAFE                                    ,7090,4,4º LEV              ,1428.0,46.2,32.4
2021,UNICA          ,NI,CAFE                                    ,7498,4,4º LEV              ,3187.0,32.9,10.3
2021,UNICA          ,PR,CAFE                                    ,7498,1,1º LEV              ,36120.0,925.0,25.6
2021,UNICA          ,PR,CAFE                                    ,7498,2,2º LEV              ,33250.0,876.0,26.3
2021,UNICA          ,PR,CAFE                                    ,7498,3,3º LEV              ,33250.0,873.0,26.3
2021,UNICA          ,PR,CAFE                                    ,7498,4,4º LEV              ,33070.0,876.3,26.5
2021,UNICA          ,RJ,CAFE                                    ,7498,1,1º LEV              ,11567.0,276.0,23.9
2021,UNICA          ,RJ,CAFE                                    ,7498,2,2º LEV              ,10550.0,235.0,22.3
2021,UNICA          ,RJ,CAFE                                    ,7498,3,3º LEV              ,10580.0,236.0,22.3
2021,UNICA          ,RJ,CAFE                                    ,7498,4,4º LEV              ,10072.5,209.0,20.8
2021,UNICA          ,RO,CAFE                                    ,7090,1,1º LEV              ,63569.0,2347.0,36.9
2021,UNICA          ,RO,CAFE                                    ,7090,2,2º LEV              ,63569.0,2194.0,34.5
2021,UNICA          ,RO,CAFE                                    ,7090,3,3º LEV              ,63569.0,2168.0,34.1
2021,UNICA          ,RO,CAFE                                    ,7090,4,4º LEV              ,63569.0,2263.1,35.6
2021,UNICA          ,SP,CAFE                                    ,7498,1,1º LEV              ,198181.0,4120.0,20.8
2021,UNICA          ,SP,CAFE                                    ,7498,2,2º LEV              ,198181.0,4017.0,20.3
2021,UNICA          ,SP,CAFE                                    ,7498,3,3º LEV              ,198181.0,4009.0,20.2
2021,UNICA          ,SP,CAFE                                    ,7498,4,4º LEV              ,198181.0,4007.2,20.2
2022,UNICA          ,AM,CAFE                                    ,7498,1,1º LEV              ,2000.0,30.6,15.3
2022,UNICA          ,AM,CAFE                                    ,7090,1,1º LEV              ,2145.0,44.6,20.8
2022,UNICA          ,AM,CAFE                                    ,7498,2,2º LEV              ,2000.0,30.6,15.3
2022,UNICA          ,AM,CAFE                                    ,7090,2,2º LEV              ,2145.0,44.6,20.8
2022,UNICA          ,AM,CAFE                                    ,7498,3,3º LEV              ,2000.0,30.6,15.3
2022,UNICA          ,AM,CAFE                                    ,7090,3,3º LEV              ,2145.0,44.6,20.8
2022,UNICA          ,AM,CAFE                                    ,7090,4,4º LEV              ,2145.0,44.7,20.8
2022,UNICA          ,AM,CAFE                                    ,7498,4,4º LEV              ,2000.0,30.6,15.3
2022,UNICA          ,BA,CAFE                                    ,7090,1,1º LEV              ,40280.0,2256.0,56.0
2022,UNICA          ,BA,CAFE                                    ,7498,1,1º LEV              ,58310.0,1704.0,29.2
2022,UNICA          ,BA,CAFE                                    ,7090,2,2º LEV              ,40280.0,2296.0,57.0
2022,UNICA          ,BA,CAFE                                    ,7498,2,2º LEV              ,52600.0,1353.0,25.7
2022,UNICA          ,BA,CAFE                                    ,7090,3,3º LEV              ,40280.0,2333.0,57.9
2022,UNICA          ,BA,CAFE                                    ,7498,3,3º LEV              ,52600.0,1232.0,23.4
2022,UNICA          ,BA,CAFE                                    ,7090,4,4º LEV              ,40280.0,2333.0,57.9
2022,UNICA          ,BA,CAFE                                    ,7498,4,4º LEV              ,52600.0,1270.5,24.2
2022,UNICA          ,ES,CAFE                                    ,7090,1,1º LEV              ,259174.0,11600.0,44.8
2022,UNICA          ,ES,CAFE                                    ,7498,1,1º LEV              ,143305.0,4250.0,29.7
2022,UNICA          ,ES,CAFE                                    ,7090,2,2º LEV              ,259174.0,12162.0,46.9
2022,UNICA          ,ES,CAFE                                    ,7498,2,2º LEV              ,143305.0,4297.0,30.0
2022,UNICA          ,ES,CAFE                                    ,7090,3,3º LEV              ,259174.0,12234.0,47.2
2022,UNICA          ,ES,CAFE                                    ,7498,3,3º LEV              ,143305.0,4341.0,30.3
2022,UNICA          ,ES,CAFE                                    ,7090,4,4º LEV              ,259174.0,12358.0,47.7
2022,UNICA          ,ES,CAFE                                    ,7498,4,4º LEV              ,143305.0,4363.0,30.4
2022,UNICA          ,GO,CAFE                                    ,7498,1,1º LEV              ,5568.0,250.3,45.0
2022,UNICA          ,GO,CAFE                                    ,7498,2,2º LEV              ,5857.0,260.6,44.5
2022,UNICA          ,GO,CAFE                                    ,7498,3,3º LEV              ,6285.0,280.0,44.6
2022,UNICA          ,GO,CAFE                                    ,7498,4,4º LEV              ,6193.0,277.7,44.8
2022,UNICA          ,MG,CAFE                                    ,7090,1,1º LEV              ,9661.0,309.8,32.1
2022,UNICA          ,MG,CAFE                                    ,7498,1,1º LEV              ,980901.0,26687.4,27.2
2022,UNICA          ,MG,CAFE                                    ,7498,2,2º LEV              ,1010340.0,24485.5,24.2
2022,UNICA          ,MG,CAFE                                    ,7090,2,2º LEV              ,9448.0,305.6,32.3
2022,UNICA          ,MG,CAFE                                    ,7090,3,3º LEV              ,9683.0,283.1,29.2
2022,UNICA          ,MG,CAFE                                    ,7498,3,3º LEV              ,1007416.0,21750.0,21.6
2022,UNICA          ,MG,CAFE                                    ,7498,4,4º LEV              ,1008048.0,21570.1,21.4
2022,UNICA          ,MG,CAFE                                    ,7090,4,4º LEV              ,9936.0,390.0,39.3
2022,UNICA          ,MT,CAFE                                    ,7090,1,1º LEV              ,10994.0,216.3,19.7
2022,UNICA          ,MT,CAFE                                    ,7090,2,2º LEV              ,10994.0,225.4,20.5
2022,UNICA          ,MT,CAFE                                    ,7090,3,3º LEV              ,11052.0,227.9,20.6
2022,UNICA          ,MT,CAFE                                    ,7090,4,4º LEV              ,11052.0,227.9,20.6
2022,UNICA          ,NI,CAFE                                    ,7498,1,1º LEV              ,3182.0,32.9,10.3
2022,UNICA          ,NI,CAFE                                    ,7090,1,1º LEV              ,1428.0,46.2,32.4
2022,UNICA          ,NI,CAFE                                    ,7090,2,2º LEV              ,1396.0,42.6,30.5
2022,UNICA          ,NI,CAFE                                    ,7498,2,2º LEV              ,3187.0,32.5,10.2
2022,UNICA          ,NI,CAFE                                    ,7090,3,3º LEV              ,1465.0,47.2,32.2
2022,UNICA          ,NI,CAFE                                    ,7498,3,3º LEV              ,3165.0,27.2,8.6
2022,UNICA          ,NI,CAFE                                    ,7498,4,4º LEV              ,3058.0,29.7,9.7
2022,UNICA          ,NI,CAFE                                    ,7090,4,4º LEV              ,1387.0,45.2,32.6
2022,UNICA          ,PR,CAFE                                    ,7498,1,1º LEV              ,29975.0,701.4,23.4
2022,UNICA          ,PR,CAFE                                    ,7498,2,2º LEV              ,26989.0,552.9,20.5
2022,UNICA          ,PR,CAFE                                    ,7498,3,3º LEV              ,27109.0,558.4,20.6
2022,UNICA          ,PR,CAFE                                    ,7498,4,4º LEV              ,27109.0,497.9,18.4
2022,UNICA          ,RJ,CAFE                                    ,7498,1,1º LEV              ,10187.0,241.0,23.7
2022,UNICA          ,RJ,CAFE                                    ,7498,2,2º LEV              ,10571.0,266.0,25.2
2022,UNICA          ,RJ,CAFE                                    ,7498,3,3º LEV              ,10474.0,288.0,27.5
2022,UNICA          ,RJ,CAFE                                    ,7498,4,4º LEV              ,10474.4,294.3,28.1
2022,UNICA          ,RO,CAFE                                    ,7090,1,1º LEV              ,65514.0,2486.3,38.0
2022,UNICA          ,RO,CAFE                                    ,7090,2,2º LEV              ,65514.0,2640.2,40.3
2022,UNICA          ,RO,CAFE                                    ,7090,3,3º LEV              ,64977.0,2800.5,43.1
2022,UNICA          ,RO,CAFE                                    ,7090,4,4º LEV              ,64977.0,2800.5,43.1
2022,UNICA          ,SP,CAFE                                    ,7498,1,1º LEV              ,197585.0,4886.3,24.7
2022,UNICA          ,SP,CAFE                                    ,7498,2,2º LEV              ,197585.0,4433.8,22.4
2022,UNICA          ,SP,CAFE                                    ,7498,3,3º LEV              ,199790.0,3903.0,19.5
2022,UNICA          ,SP,CAFE                                    ,7498,4,4º LEV              ,199790.0,4387.0,22.0
2023,UNICA          ,BA,CAFE                                    ,7498,1,1º LEV              ,55275.0,1231.0,22.3
2023,UNICA          ,BA,CAFE                                    ,7090,1,1º LEV              ,42730.0,2393.0,56.0
2023,UNICA          ,BA,CAFE                                    ,7498,2,2º LEV              ,55433.0,1168.0,21.1
2023,UNICA          ,BA,CAFE                                    ,7090,2,2º LEV              ,42730.0,2475.0,57.9
2023,UNICA          ,BA,CAFE                                    ,7090,3,3º LEV              ,42860.0,2289.1,53.4
2023,UNICA          ,BA,CAFE                                    ,7498,3,3º LEV              ,55400.0,1129.4,20.4
2023,UNICA          ,BA,CAFE                                    ,7498,4,4º LEV              ,54980.0,1107.6,20.1
2023,UNICA          ,BA,CAFE                                    ,7090,4,4º LEV              ,42860.0,2289.1,53.4
2023,UNICA          ,ES,CAFE                                    ,7498,1,1º LEV              ,130839.0,3093.0,23.6
2023,UNICA          ,ES,CAFE                                    ,7090,1,1º LEV              ,261921.0,11460.0,43.8
2023,UNICA          ,ES,CAFE                                    ,7498,2,2º LEV              ,130839.0,3075.0,23.5
2023,UNICA          ,ES,CAFE                                    ,7090,2,2º LEV              ,261921.0,10575.0,40.4
2023,UNICA          ,ES,CAFE                                    ,7498,3,3º LEV              ,130839.0,2864.0,21.9
2023,UNICA          ,ES,CAFE                                    ,7090,3,3º LEV              ,261921.0,10197.0,38.9
2023,UNICA          ,ES,CAFE                                    ,7498,4,4º LEV              ,130839.0,2859.0,21.9
2023,UNICA          ,ES,CAFE                                    ,7090,4,4º LEV              ,261921.0,10155.0,38.8
2023,UNICA          ,GO,CAFE                                    ,7498,1,1º LEV              ,5760.0,233.3,40.5
2023,UNICA          ,GO,CAFE                                    ,7498,2,2º LEV              ,5904.0,254.1,43.0
2023,UNICA          ,GO,CAFE                                    ,7498,3,3º LEV              ,5375.0,202.2,37.6
2023,UNICA          ,GO,CAFE                                    ,7498,4,4º LEV              ,5371.0,201.8,37.6
2023,UNICA          ,MG,CAFE                                    ,7498,1,1º LEV              ,1098099.0,27101.9,24.7
2023,UNICA          ,MG,CAFE                                    ,7090,1,1º LEV              ,9936.0,390.0,39.3
2023,UNICA          ,MG,CAFE                                    ,7498,2,2º LEV              ,1073715.0,27499.3,25.6
2023,UNICA          ,MG,CAFE                                    ,7090,2,2º LEV              ,9886.0,332.4,33.6
2023,UNICA          ,MG,CAFE                                    ,7498,3,3º LEV              ,1074497.0,27933.8,26.0
2023,UNICA          ,MG,CAFE                                    ,7090,3,3º LEV              ,9288.0,359.5,38.7
2023,UNICA          ,MG,CAFE                                    ,7498,4,4º LEV              ,1073368.0,28650.4,26.7
2023,UNICA          ,MG,CAFE                                    ,7090,4,4º LEV              ,9079.0,355.5,39.2
2023,UNICA          ,MT,CAFE                                    ,7090,1,1º LEV              ,11190.0,232.5,20.8
2023,UNICA          ,MT,CAFE                                    ,7090,2,2º LEV              ,11190.0,239.5,21.4
2023,UNICA          ,MT,CAFE                                    ,7090,3,3º LEV              ,11490.0,245.8,21.4
2023,UNICA          ,MT,CAFE                                    ,7090,4,4º LEV              ,11499.0,260.3,22.6
2023,UNICA          ,NI,CAFE                                    ,7498,1,1º LEV              ,5058.0,60.3,11.9
2023,UNICA          ,NI,CAFE                                    ,7090,1,1º LEV              ,3532.0,89.9,25.5
2023,UNICA          ,NI,CAFE                                    ,7090,2,2º LEV              ,1907.9,59.9,31.4
2023,UNICA          ,NI,CAFE                                    ,7498,2,2º LEV              ,3060.0,33.1,10.8
2023,UNICA          ,NI,CAFE                                    ,7090,3,3º LEV              ,1833.9,66.0,36.0
2023,UNICA          ,NI,CAFE                                    ,7498,3,3º LEV              ,3050.0,33.5,11.0
2023,UNICA          ,NI,CAFE                                    ,7090,4,4º LEV              ,1833.9,66.1,36.0
2023,UNICA          ,NI,CAFE                                    ,7498,4,4º LEV              ,2837.0,30.9,10.9
2023,UNICA          ,PR,CAFE                                    ,7498,1,1º LEV              ,27109.0,733.0,27.0
2023,UNICA          ,PR,CAFE                                    ,7498,2,2º LEV              ,25700.0,686.7,26.7
2023,UNICA          ,PR,CAFE                                    ,7498,3,3º LEV              ,25826.0,687.2,26.6
2023,UNICA          ,PR,CAFE                                    ,7498,4,4º LEV              ,25826.0,718.5,27.8
2023,UNICA          ,RJ,CAFE                                    ,7498,1,1º LEV              ,10673.0,259.6,24.3
2023,UNICA          ,RJ,CAFE                                    ,7498,2,2º LEV              ,11098.0,278.0,25.0
2023,UNICA          ,RJ,CAFE                                    ,7498,3,3º LEV              ,11198.0,281.0,25.1
2023,UNICA          ,RJ,CAFE                                    ,7498,4,4º LEV              ,11197.0,306.0,27.3
2023,UNICA          ,RO,CAFE                                    ,7090,1,1º LEV              ,64977.0,2943.5,45.3
2023,UNICA          ,RO,CAFE                                    ,7090,2,2º LEV              ,64977.0,3131.9,48.2
2023,UNICA          ,RO,CAFE                                    ,7090,3,3º LEV              ,60621.0,3041.4,50.2
2023,UNICA          ,RO,CAFE                                    ,7090,4,4º LEV              ,60621.0,3041.4,50.2
2023,UNICA          ,SP,CAFE                                    ,7498,1,1º LEV              ,175829.0,4723.0,26.9
2023,UNICA          ,SP,CAFE                                    ,7498,2,2º LEV              ,174837.0,4935.0,28.2
2023,UNICA          ,SP,CAFE                                    ,7498,3,3º LEV              ,181548.0,5030.7,27.7
2023,UNICA          ,SP,CAFE                                    ,7498,4,4º LEV              ,181548.0,5030.7,27.7
2024,UNICA          ,AM,CAFE                                    ,7090,1,1º LEV              ,543.9,12.9,23.7
2024,UNICA          ,AM,CAFE                                    ,7090,2,2º LEV              ,558.3,17.1,30.6
2024,UNICA          ,AM,CAFE                                    ,7090,3,3º LEV              ,528.6,14.8,27.9
2024,UNICA          ,AM,CAFE                                    ,7090,4,4º LEV              ,528.6,18.8,35.6
2024,UNICA          ,BA,CAFE                                    ,7498,1,1º LEV              ,57545.0,1224.8,21.3
2024,UNICA          ,BA,CAFE                                    ,7090,1,1º LEV              ,44250.0,2390.0,54.0
2024,UNICA          ,BA,CAFE                                    ,7090,2,2º LEV              ,44330.0,2481.9,56.0
2024,UNICA          ,BA,CAFE                                    ,7498,2,2º LEV              ,57045.0,1082.7,19.0
2024,UNICA          ,BA,CAFE                                    ,7498,3,3º LEV              ,57045.0,1113.2,19.5
2024,UNICA          ,BA,CAFE                                    ,7090,3,3º LEV              ,44330.0,1984.7,44.8
2024,UNICA          ,BA,CAFE                                    ,7090,4,4º LEV              ,44330.0,1950.6,44.0
2024,UNICA          ,BA,CAFE                                    ,7498,4,4º LEV              ,57045.0,1116.8,19.6
2024,UNICA          ,ES,CAFE                                    ,7090,1,1º LEV              ,262988.0,11065.5,42.1
2024,UNICA          ,ES,CAFE                                    ,7498,1,1º LEV              ,128363.0,3950.0,30.8
2024,UNICA          ,ES,CAFE                                    ,7090,2,2º LEV              ,262988.0,10809.0,41.1
2024,UNICA          ,ES,CAFE                                    ,7498,2,2º LEV              ,128363.0,4252.0,33.1
2024,UNICA          ,ES,CAFE                                    ,7498,3,3º LEV              ,128363.0,4030.0,31.4
2024,UNICA          ,ES,CAFE                                    ,7090,3,3º LEV              ,262988.0,9967.0,37.9
2024,UNICA          ,ES,CAFE                                    ,7090,4,4º LEV              ,262988.0,9843.0,37.4
2024,UNICA          ,ES,CAFE                                    ,7498,4,4º LEV              ,128363.0,4022.0,31.3
2024,UNICA          ,GO,CAFE                                    ,7498,1,1º LEV              ,5858.0,255.7,43.6
2024,UNICA          ,GO,CAFE                                    ,7498,2,2º LEV              ,5923.0,263.5,44.5
2024,UNICA          ,GO,CAFE                                    ,7498,3,3º LEV              ,5873.0,252.5,43.0
2024,UNICA          ,GO,CAFE                                    ,7498,4,4º LEV              ,5972.0,255.6,42.8
2024,UNICA          ,MG,CAFE                                    ,7090,1,1º LEV              ,9078.0,355.5,39.2
2024,UNICA          ,MG,CAFE                                    ,7498,1,1º LEV              ,1108211.0,28825.8,26.0
2024,UNICA          ,MG,CAFE                                    ,7498,2,2º LEV              ,1101692.0,29836.4,27.1
2024,UNICA          ,MG,CAFE                                    ,7090,2,2º LEV              ,9061.0,344.9,38.1
2024,UNICA          ,MG,CAFE                                    ,7090,3,3º LEV              ,9283.0,372.0,40.1
2024,UNICA          ,MG,CAFE                                    ,7498,3,3º LEV              ,1104572.0,27686.6,25.1
2024,UNICA          ,MG,CAFE                                    ,7090,4,4º LEV              ,11897.0,388.9,32.7
2024,UNICA          ,MG,CAFE                                    ,7498,4,4º LEV              ,1091647.0,27708.3,25.4
2024,UNICA          ,MT,CAFE                                    ,7090,1,1º LEV              ,11596.0,263.7,22.7
2024,UNICA          ,MT,CAFE                                    ,7090,2,2º LEV              ,11608.0,270.8,23.3
2024,UNICA          ,MT,CAFE                                    ,7090,3,3º LEV              ,11608.0,270.9,23.3
2024,UNICA          ,MT,CAFE                                    ,7090,4,4º LEV              ,11606.0,268.4,23.1
2024,UNICA          ,NI,CAFE                                    ,7498,1,1º LEV              ,2852.0,32.8,11.5
2024,UNICA          ,NI,CAFE                                    ,7090,1,1º LEV              ,1264.0,49.5,39.2
2024,UNICA          ,NI,CAFE                                    ,7498,2,2º LEV              ,2849.0,28.2,9.9
2024,UNICA          ,NI,CAFE                                    ,7090,2,2º LEV              ,1264.0,50.8,40.2
2024,UNICA          ,NI,CAFE                                    ,7090,3,3º LEV              ,1332.0,50.9,38.2
2024,UNICA          ,NI,CAFE                                    ,7498,3,3º LEV              ,2816.0,28.7,10.2
2024,UNICA          ,NI,CAFE                                    ,7498,4,4º LEV              ,2792.0,29.3,10.5
2024,UNICA          ,NI,CAFE                                    ,7090,4,4º LEV              ,1275.0,53.3,41.8
2024,UNICA          ,PR,CAFE                                    ,7498,1,1º LEV              ,25826.0,718.5,27.8
2024,UNICA          ,PR,CAFE                                    ,7498,2,2º LEV              ,25676.0,706.3,27.5
2024,UNICA          ,PR,CAFE                                    ,7498,3,3º LEV              ,25285.0,675.1,26.7
2024,UNICA          ,PR,CAFE                                    ,7498,4,4º LEV              ,25281.0,675.3,26.7
2024,UNICA          ,RJ,CAFE                                    ,7498,1,1º LEV              ,11398.0,339.8,29.8
2024,UNICA          ,RJ,CAFE                                    ,7498,2,2º LEV              ,11526.0,330.6,28.7
2024,UNICA          ,RJ,CAFE                                    ,7498,3,3º LEV              ,11522.0,354.5,30.8
2024,UNICA          ,RJ,CAFE                                    ,7498,4,4º LEV              ,11503.0,346.5,30.1
2024,UNICA          ,RO,CAFE                                    ,7090,1,1º LEV              ,61937.0,3195.9,51.6
2024,UNICA          ,RO,CAFE                                    ,7090,2,2º LEV              ,53792.0,2732.6,50.8
2024,UNICA          ,RO,CAFE                                    ,7090,3,3º LEV              ,48363.0,2543.9,52.6
2024,UNICA          ,RO,CAFE                                    ,7090,4,4º LEV              ,39805.0,2093.7,52.6
2024,UNICA          ,SP,CAFE                                    ,7498,1,1º LEV              ,186141.0,5401.8,29.0
2024,UNICA          ,SP,CAFE                                    ,7498,2,2º LEV              ,186141.0,5607.0,30.1
2024,UNICA          ,SP,CAFE                                    ,7498,3,3º LEV              ,186141.0,5444.6,29.2
2024,UNICA          ,SP,CAFE                                    ,7498,4,4º LEV              ,186141.0,5444.6,29.2
2025,UNICA          ,AM,CAFE                                    ,7090,1,1º LEV              ,528.6,18.8,35.6
2025,UNICA          ,AM,CAFE                                    ,7090,2,2º LEV              ,790.2,25.7,32.5
2025,UNICA          ,BA,CAFE                                    ,7090,1,1º LEV              ,45000.0,2250.2,50.0
2025,UNICA          ,BA,CAFE                                    ,7498,1,1º LEV              ,56245.0,1162.7,20.7
2025,UNICA          ,BA,CAFE                                    ,7498,2,2º LEV              ,56245.0,1179.5,21.0
2025,UNICA          ,BA,CAFE                                    ,7090,2,2º LEV              ,46190.0,2500.0,54.1
2025,UNICA          ,ES,CAFE                                    ,7498,1,1º LEV              ,121611.0,3294.0,27.1
2025,UNICA          ,ES,CAFE                                    ,7090,1,1º LEV              ,258211.0,11824.0,45.8
2025,UNICA          ,ES,CAFE                                    ,7498,2,2º LEV              ,121611.0,3291.0,27.1
2025,UNICA          ,ES,CAFE                                    ,7090,2,2º LEV              ,258211.0,13098.0,50.7
2025,UNICA          ,GO,CAFE                                    ,7498,1,1º LEV              ,5575.0,195.5,35.1
2025,UNICA          ,GO,CAFE                                    ,7498,2,2º LEV              ,5516.0,210.1,38.1
2025,UNICA          ,MG,CAFE                                    ,7090,1,1º LEV              ,11897.0,486.0,40.9
2025,UNICA          ,MG,CAFE                                    ,7498,1,1º LEV              ,1064812.0,24343.4,22.9
2025,UNICA          ,MG,CAFE                                    ,7498,2,2º LEV              ,1064703.0,25650.3,24.1
2025,UNICA          ,MG,CAFE                                    ,7090,2,2º LEV              ,10862.0,443.7,40.8
2025,UNICA          ,MT,CAFE                                    ,7090,1,1º LEV              ,11824.0,267.6,22.6
2025,UNICA          ,MT,CAFE                                    ,7090,2,2º LEV              ,11825.0,265.3,22.4
2025,UNICA          ,NI,CAFE                                    ,7498,1,1º LEV              ,2792.0,29.3,10.5
2025,UNICA          ,NI,CAFE                                    ,7090,1,1º LEV              ,1275.0,53.3,41.8
2025,UNICA          ,NI,CAFE                                    ,7090,2,2º LEV              ,1773.0,84.4,47.6
2025,UNICA          ,NI,CAFE                                    ,7498,2,2º LEV              ,2831.0,36.0,12.7
2025,UNICA          ,PR,CAFE                                    ,7498,1,1º LEV              ,25281.0,675.3,26.7
2025,UNICA          ,PR,CAFE                                    ,7498,2,2º LEV              ,25488.0,711.9,27.9
2025,UNICA          ,RJ,CAFE                                    ,7498,1,1º LEV              ,11740.0,373.7,31.8
2025,UNICA          ,RJ,CAFE                                    ,7498,2,2º LEV              ,11740.0,382.0,32.5
2025,UNICA          ,RO,CAFE                                    ,7090,1,1º LEV              ,40920.0,2230.1,54.5
2025,UNICA          ,RO,CAFE                                    ,7090,2,2º LEV              ,41622.0,2280.9,54.8
2025,UNICA          ,SP,CAFE                                    ,7498,1,1º LEV              ,196025.0,4610.5,23.5
2025,UNICA          ,SP,CAFE                                    ,7498,2,2º LEV              ,196025.0,5516.1,28.1
